p,h_avg,h_max,n_avg,n_max,t_avg,t_max,singleton_ratio,nonsingletonClasses
3,1,2,1,2,1,1,1,0
2,1,2,0.5,1,1,1,1,0
5,1.6,3,1,2,1,1,1,0
13,2.3846153846153846,6,1.8461538461538463,5,2,2,0.8461538461538461,1
11,2.090909090909091,5,1.9090909090909092,4,2,2,0.8181818181818182,1
7,1.4285714285714286,3,1.8571428571428572,4,1,1,1,0
17,2.5294117647058822,6,2.764705882352941,6,2.5,3,0.7058823529411765,2
23,2.782608695652174,5,3.1739130434782608,9,2.2,3,0.5217391304347826,5
19,2.6315789473684212,7,2.6315789473684212,5,2.5,3,0.7368421052631579,2
37,3.891891891891892,9,3.5945945945945947,11,2.3333333333333335,4,0.6216216216216216,6
31,3.903225806451613,8,3.3548387096774195,8,2,2,0.6129032258064516,6
29,3.7586206896551726,11,3,9,2.2,3,0.6206896551724138,5
41,3.8536585365853657,11,3.6341463414634148,9,2.2857142857142856,3,0.6097560975609756,7
43,4.023255813953488,10,3.953488372093023,12,2.5,3,0.6511627906976745,6
47,4.170212765957447,12,4.468085106382978,12,2.5,3,0.6808510638297872,6
67,4.388059701492537,15,5.746268656716418,21,2.4545454545454546,4,0.5970149253731343,11
53,3.6037735849056602,12,4.886792452830188,12,2.75,4,0.5849056603773585,8
61,4.983606557377049,15,4.098360655737705,15,2.1,3,0.6557377049180327,10
59,4.983050847457627,15,4.186440677966102,13,2.3636363636363638,3,0.559322033898305,11
73,5.164383561643835,18,6.027397260273973,19,2.1666666666666665,3,0.6438356164383562,12
71,5.140845070422535,16,5.563380281690141,15,2.230769230769231,3,0.5915492957746479,13
83,5.566265060240964,22,5.409638554216867,20,2.3333333333333335,4,0.6626506024096386,12
79,4.936708860759493,16,5.987341772151899,18,2.4545454545454546,4,0.6582278481012658,11
89,6.280898876404494,22,6.696629213483146,22,2.090909090909091,3,0.7415730337078652,11
97,5.824742268041237,20,6.628865979381444,18,2.25,3,0.5360824742268041,20
107,6.514018691588785,22,6.102803738317757,21,2.5,5,0.719626168224299,12
103,6.194174757281553,17,5.922330097087379,22,2.2222222222222223,3,0.6116504854368932,18
101,6.316831683168317,25,6,24,2.5714285714285716,5,0.6435643564356436,14
109,6.431192660550459,22,6.752293577981652,32,2.076923076923077,3,0.7522935779816514,13
127,7.125984251968504,22,7.330708661417323,26,2,2,0.7165354330708661,18
113,6.1946902654867255,24,7.20353982300885,21,2.1739130434782608,3,0.5575221238938053,23
131,6.778625954198473,28,7.572519083969466,26,2.210526315789474,3,0.6793893129770993,19
137,6.781021897810219,24,7.029197080291971,25,2.3214285714285716,5,0.5255474452554745,28
139,7.244604316546763,25,7.388489208633094,28,2.2,3,0.60431654676259,25
151,7.529801324503311,24,7.529801324503311,29,2.259259259259259,4,0.5960264900662252,27
149,7.859060402684563,27,7.395973154362416,24,2.1785714285714284,3,0.5906040268456376,28
163,7.423312883435583,32,7.429447852760736,32,2.4242424242424243,4,0.50920245398773,33
157,8.312101910828025,32,7.369426751592357,25,2.206896551724138,4,0.5923566878980892,29
173,8.271676300578035,28,7.595375722543353,39,2.5,5,0.653179190751445,24
167,7.532934131736527,29,8.2874251497006,28,2.3333333333333335,4,0.6227544910179641,27
181,8.276243093922652,27,8.121546961325967,31,2.1470588235294117,4,0.5966850828729282,34
179,7.715083798882682,40,9.307262569832401,32,2.1379310344827585,3,0.6536312849162011,29
191,9.162303664921465,37,8.528795811518325,30,2.235294117647059,5,0.6020942408376964,34
193,8.55958549222798,33,9.471502590673575,32,2.2058823529411766,4,0.6113989637305699,34
199,8.487437185929648,34,8.688442211055277,34,2.3333333333333335,4,0.5778894472361809,36
197,8.786802030456853,31,8.279187817258883,33,2.272727272727273,4,0.6192893401015228,33
211,8.687203791469194,33,9.611374407582938,36,2.2903225806451615,4,0.6635071090047393,31
223,9.304932735426009,30,9.457399103139014,40,2.1794871794871793,4,0.6188340807174888,39
229,10.117903930131005,33,8.986899563318778,43,2.2439024390243905,4,0.5982532751091703,41
227,9.22907488986784,34,9.647577092511014,30,2.2051282051282053,4,0.6211453744493393,39
233,9.63519313304721,38,9.188841201716738,42,2.075,3,0.6437768240343348,40
239,9.92468619246862,31,8.94142259414226,38,2.4285714285714284,4,0.5732217573221757,42
241,10.1701244813278,37,10.053941908713693,38,2.1,3,0.6514522821576764,40
251,9.087649402390438,38,9.756972111553784,45,2.2448979591836733,4,0.5617529880478087,49
263,10.802281368821292,46,9.897338403041825,38,2.186046511627907,4,0.6425855513307985,43
271,9.85239852398524,53,10.457564575645756,40,2.32,4,0.5719557195571956,50
269,10.579925650557621,39,10.066914498141264,37,2.260869565217391,3,0.6133828996282528,46
257,10.295719844357977,39,10.575875486381323,46,2.1627906976744184,3,0.6381322957198443,43
283,9.696113074204947,39,10.812720848056538,41,2.2363636363636363,4,0.5653710247349824,55
281,10.113879003558718,41,10.316725978647687,43,2.2448979591836733,3,0.608540925266904,49
277,10.736462093862816,44,10.653429602888087,52,2.119047619047619,3,0.6787003610108303,42
293,10.679180887372013,46,9.74061433447099,41,2.267857142857143,3,0.5665529010238908,56
307,10.859934853420196,42,11.146579804560261,50,2.272727272727273,4,0.6742671009771987,44
311,11.360128617363344,60,10.72668810289389,53,2.2941176470588234,4,0.6237942122186495,51
313,10.616613418530351,47,11.329073482428115,51,2.2615384615384615,5,0.5303514376996805,65
317,10.006309148264984,52,11.10410094637224,44,2.3220338983050848,4,0.5678233438485805,59
347,12.52449567723343,56,11.829971181556196,43,2.2295081967213113,5,0.6080691642651297,61
349,12.008595988538682,43,11.326647564469914,47,2.25,3,0.5873925501432665,64
331,11.876132930513595,51,10.909365558912386,42,2.1964285714285716,4,0.6283987915407855,56
337,12.163204747774481,39,11.240356083086054,41,2.30188679245283,4,0.6379821958456974,53
353,11.76487252124646,46,11.696883852691219,52,2.370967741935484,4,0.5835694050991501,62
359,10.807799442896936,39,11.92200557103064,56,2.140625,4,0.6183844011142061,64
373,11.863270777479892,51,12.638069705093834,51,2.161764705882353,3,0.6058981233243967,68
379,12.139841688654354,51,12.49868073878628,60,2.2388059701492535,4,0.604221635883905,67
367,11.986376021798366,52,12.226158038147139,39,2.283333333333333,5,0.6267029972752044,60
383,12.754569190600522,54,11.973890339425587,53,2.265625,4,0.6214099216710183,64
389,12.269922879177377,49,12.030848329048844,55,2.2753623188405796,4,0.596401028277635,69
397,11.20654911838791,46,12.163727959697733,57,2.3055555555555554,6,0.5818639798488665,72
401,12.71072319201995,48,12.546134663341645,51,2.28125,4,0.6359102244389028,64
409,13.188264058679707,48,12.7359413202934,45,2.3015873015873014,5,0.6454767726161369,63
419,12.384248210023866,50,12.329355608591886,51,2.25,4,0.5704057279236276,80
421,12.3729216152019,44,13.719714964370546,60,2.257575757575758,4,0.6460807600950119,66
433,13.729792147806005,56,12.778290993071593,49,2.3380281690140845,5,0.6166281755196305,71
431,13.178654292343387,64,13.055684454756381,54,2.1470588235294117,4,0.6612529002320185,68
439,13.079726651480637,48,13.273348519362187,62,2.359375,5,0.6560364464692483,64
443,13.460496613995485,57,13.18510158013544,54,2.2027027027027026,4,0.6320541760722348,74
449,14.367483296213809,71,12.922048997772828,51,2.1097560975609757,3,0.6146993318485523,82
461,13.342733188720173,56,13.696312364425163,52,2.3058823529411763,4,0.5748373101952278,85
457,12.247264770240701,52,13.584245076586432,67,2.2560975609756095,4,0.5951859956236324,82
467,13.490364025695932,58,12.73661670235546,58,2.1666666666666665,5,0.582441113490364,90
463,13.457883369330453,50,13.3585313174946,62,2.2386363636363638,4,0.5745140388768899,88
479,12.968684759916492,59,12.659707724425887,66,2.3214285714285716,4,0.592901878914405,84
487,14.026694045174539,51,14.248459958932239,73,2.324675324675325,4,0.6324435318275154,77
499,14.046092184368737,60,13.080160320641282,57,2.2934782608695654,4,0.5771543086172345,92
491,13.427698574338086,66,14.39918533604888,55,2.3333333333333335,6,0.6293279022403259,78
509,15.096267190569744,67,14.699410609037328,64,2.1951219512195124,4,0.6463654223968566,82
503,13.908548707753479,52,14.40755467196819,59,2.2467532467532467,5,0.6560636182902585,77
521,13.861804222648752,57,14.276391554702496,63,2.208791208791209,4,0.6142034548944337,91
541,14.489833641404806,58,14.245841035120147,66,2.2823529411764705,5,0.6414048059149723,85
523,13.749521988527725,56,14.533460803059274,64,2.3255813953488373,5,0.6175908221797323,86
547,15.19744058500914,56,14.182815356489945,57,2.21,4,0.5959780621572212,100
557,15.186714542190305,63,15.03052064631957,62,2.216867469879518,4,0.6696588868940754,83
563,15.873889875666075,68,14.426287744227354,75,2.230769230769231,3,0.6394316163410302,91
577,15.712305025996534,56,15.504332755632582,78,2.1530612244897958,3,0.634315424610052,98
587,15.321976149914821,62,15.923339011925043,69,2.1666666666666665,3,0.6013628620102215,108
569,15.493848857644991,73,15.210896309314586,70,2.2444444444444445,5,0.6449912126537786,90
571,14.126094570928196,57,14.854640980735551,71,2.276595744680851,6,0.6252189141856392,94
599,15.223706176961603,58,15.015025041736227,69,2.2735849056603774,5,0.5976627712854758,106
593,14.715008431703204,64,15.54637436762226,72,2.24468085106383,4,0.6441821247892074,94
601,15.337770382695508,58,15.662229617304492,73,2.233009708737864,4,0.6173044925124792,103
607,15.449752883031302,63,16.10543657331137,78,2.3793103448275863,4,0.6589785831960461,87
619,15.518578352180937,79,14.79967689822294,61,2.168067226890756,4,0.5831987075928917,119
617,15.645056726094003,68,16.354943273905995,76,2.220183486238532,5,0.6077795786061588,109
613,14.900489396411093,88,16.138662316476346,64,2.28125,4,0.6427406199021207,96
631,16.247226624405705,75,15.538827258320127,65,2.267326732673267,5,0.6370839936608558,101
653,15.5635528330781,76,16.361408882082696,80,2.315315315315315,5,0.6064318529862175,111
643,15.7651632970451,73,15.273716951788492,66,2.238532110091743,3,0.6205287713841369,109
647,16.81916537867079,69,15.582689335394127,73,2.3173076923076925,4,0.6275115919629057,104
641,15.698907956318253,72,16.38377535101404,60,2.307017543859649,4,0.5897035881435257,114
659,15.933232169954476,79,15.955993930197268,73,2.2695652173913046,5,0.6039453717754173,115
677,16.47267355982275,73,15.559822747415067,73,2.2752293577981653,5,0.6336779911373708,109
673,16.2704309063893,68,16.12630014858841,67,2.2016806722689077,4,0.6106983655274889,119
661,15.496217851739788,76,16.30408472012103,63,2.25,5,0.659606656580938,100
691,15.90014471780029,66,15.50506512301013,76,2.1870503597122304,4,0.5600578871201157,139
683,16.67349926793558,75,16.27818448023426,68,2.315315315315315,5,0.623718887262079,111
719,16.79415855354659,71,17.09874826147427,80,2.3333333333333335,6,0.5910987482614742,126
701,16.385164051355208,70,17.124108416547788,79,2.2410714285714284,7,0.6419400855920114,112
709,17.277856135401976,91,16.493653032440058,81,2.212962962962963,5,0.6629055007052186,108
733,17.096862210095498,72,16.31923601637108,83,2.255813953488372,4,0.6030013642564802,129
727,17.321870701513067,65,17.140302613480056,67,2.2231404958677685,5,0.6299862448418156,121
739,17.175913396481732,74,18.19621109607578,79,2.190082644628099,5,0.6414073071718539,121
743,17.328398384925976,89,17.036339165545087,87,2.1846153846153844,4,0.6177658142664872,130
757,17.512549537648614,79,17.20343461030383,73,2.234375,4,0.6221928665785997,128
761,16.9053876478318,67,17.465177398160314,80,2.2913385826771653,4,0.6176084099868594,127
751,16.71238348868176,69,17.018641810918776,90,2.282258064516129,6,0.6231691078561917,124
769,17.37191157347204,78,17.30559167750325,77,2.3046875,5,0.6163849154746424,128
787,18.20838627700127,74,17.42566709021601,84,2.2517985611510793,5,0.602287166454892,139
797,17.365119196988708,74,17.858218318695105,81,2.2814814814814817,5,0.6135508155583438,135
809,17.814585908529047,82,17.49320148331273,80,2.23943661971831,5,0.6069221260815822,142
773,17.041397153945667,97,17.27425614489004,77,2.259259259259259,4,0.6054333764553687,135
823,17.726609963547997,74,18.38760631834751,99,2.1641791044776117,5,0.6476306196840826,134
821,18.233861144945188,92,17.672350791717417,84,2.2302158273381294,6,0.6224116930572473,139
811,17.897657213316894,79,17.727496917385942,75,2.2444444444444445,5,0.6263871763255241,135
827,17.79806529625151,76,17.975816203143893,113,2.2890625,4,0.6457073760580411,128
839,18.93206197854589,87,17.61740166865316,83,2.1448275862068966,5,0.6293206197854588,145
829,18.150784077201447,72,18.00965018094089,76,2.25,4,0.6308805790108565,136
853,18.49824150058617,79,17.954279015240328,77,2.2,4,0.6260257913247362,145
857,18.929988331388564,80,18.088681446907817,118,2.239130434782609,5,0.6394399066511085,138
859,18.09313154831199,71,18.848661233993017,100,2.2291666666666665,5,0.6263096623981373,144
863,19.314020857473928,85,18.49478563151796,84,2.264705882352941,6,0.6431054461181923,136
881,18.670828603859253,98,18.16799091940976,79,2.308219178082192,5,0.6174801362088536,146
877,18.639680729760546,84,18.2405929304447,81,2.251700680272109,5,0.6225769669327252,147
883,17.861834654586637,97,17.95356738391846,84,2.357615894039735,5,0.5968289920724802,151
887,18.73055242390079,89,19.602029312288614,100,2.1654676258992804,4,0.6606538895152199,139
907,19.004410143329658,84,17.942668136714442,93,2.2335329341317367,5,0.5887541345093715,167
911,18.870472008781558,87,18.972557628979143,82,2.233128834355828,5,0.6004390779363337,163
919,18.515778019586506,78,19.443960826985855,84,2.3453237410071943,5,0.6452665941240479,139
929,19.529601722282024,86,18.745963401506998,75,2.3398692810457518,6,0.6146393972012917,153
941,19.59086078639745,81,18.487778958554728,104,2.2160493827160495,5,0.6184909670563231,162
937,19.8153681963714,91,18.832443970117396,86,2.2653061224489797,4,0.6446104589114194,147
947,18.414994720168956,101,19.413938753959872,76,2.272727272727273,5,0.604012671594509,165
953,19.057712486883524,75,18.61490031479538,90,2.2032085561497325,4,0.5676810073452256,187
977,20.538382804503584,96,19.950870010235416,85,2.191616766467066,4,0.6253838280450358,167
967,19.493278179937953,97,19.74870734229576,91,2.1714285714285713,4,0.6070320579110652,175
971,20.014418125643665,98,19.648815653964984,89,2.275,5,0.6251287332646756,160
983,19.931841302136316,99,19.706002034587996,95,2.223529411764706,4,0.6154628687690743,170
997,20.86860581745236,98,19.9518555667001,87,2.195945945945946,5,0.6740220661985958,148
991,19.368314833501515,90,19.250252270433904,95,2.2982456140350878,7,0.6034308779011099,171
1013,20.475814412635735,98,20.3218163869694,98,2.2471264367816093,5,0.6140177690029615,174
1009,19.588701684836472,82,20.434093161546084,93,2.2325581395348837,5,0.6194251734390486,172
1021,20.28305582761998,103,19.193927522037217,88,2.233695652173913,4,0.5974534769833496,184
1019,20.37684003925417,80,20.0107948969578,104,2.2804878048780486,4,0.6329735034347399,164
1033,20.185866408518876,83,20.03872216844143,96,2.2139303482587063,4,0.569215876089061,201
1031,20.140640155189136,97,20.565470417070806,95,2.2422360248447206,5,0.6498545101842871,161
1049,20.505243088655863,103,21.204003813155385,123,2.2289156626506026,5,0.6472831267874166,166
1039,20.757459095283927,98,19.856592877767085,92,2.2127659574468086,4,0.5996150144369586,188
1051,20.013320647002853,95,20.263558515699334,112,2.28,5,0.6203615604186489,175
1061,20.552309142318567,104,21.232799245994347,101,2.1988950276243093,4,0.6248821866163996,181
1063,19.969896519285044,100,21.227657572906868,114,2.2339181286549707,4,0.6406396989651929,171
1069,20.257249766136574,112,20.362956033676333,100,2.282722513089005,5,0.5921421889616464,191
1091,20.001833180568287,105,21.262144821264894,99,2.2486486486486488,5,0.618698441796517,185
1087,21.547378104875804,101,20.533578656853727,107,2.238888888888889,4,0.6292548298068077,180
1093,21.176578225068617,103,19.929551692589204,92,2.2205128205128206,5,0.6038426349496798,195
1109,20.91794409377818,115,19.820559062218216,99,2.227777777777778,4,0.6384129846708747,180
1103,19.86128739800544,81,21.271985494106982,106,2.234042553191489,4,0.6192203082502267,188
1097,20.912488605287148,105,20.182315405651778,100,2.2972972972972974,4,0.6125797629899726,185
1123,20.991095280498666,91,20.43633125556545,91,2.25,4,0.6153161175422974,192
1117,20.004476275738586,85,20.862130707251566,115,2.2562814070351758,5,0.5980304386750224,199
1129,21.467670504871567,104,21.21523472099203,111,2.2041884816753927,4,0.6271036315323295,191
1151,21.47958297132928,112,21.097306689834927,111,2.2462311557788945,4,0.6116420503909644,199
1163,20.657781599312123,90,21.539122957867583,102,2.186602870813397,4,0.6070507308684436,209
1153,21.512575888985257,103,20.445793581960103,104,2.2139303482587063,4,0.614050303555941,201
1181,21.652836579170195,81,20.552921253175274,91,2.28,5,0.6138865368331922,200
1171,21.625960717335612,105,21.11187019641332,115,2.30635838150289,5,0.659265584970111,173
1187,21.667228306655435,111,21.32518955349621,123,2.2797927461139897,6,0.6293176074136478,193
1193,21.922045264040236,95,21.727577535624476,97,2.279187817258883,5,0.6236378876781223,197
1213,21.85820280296785,109,22.10964550700742,118,2.186602870813397,4,0.6232481450948063,209
1217,21.825801150369763,104,22.594083812654066,111,2.2268041237113403,6,0.6450287592440427,194
1223,22.683565004088308,115,22.2681929681112,102,2.25,4,0.6394112837285364,196
1201,21.285595337218986,100,23.206494587843462,122,2.225130890052356,5,0.6461282264779351,191
1229,21.55899104963385,110,21.84052074857608,113,2.2714285714285714,4,0.611879576891782,210
1237,21.9482619240097,114,22.860145513338722,108,2.186868686868687,4,0.6499595796281326,198
1249,22.53002401921537,116,21.806244995996796,114,2.267326732673267,5,0.633306645316253,202
1231,22.498781478472786,104,22.39723801787165,106,2.2339449541284404,5,0.6043866774979691,218
1277,22.449490994518403,95,20.809710258418168,103,2.2711111111111113,5,0.5998433829287392,225
1259,21.567116759332805,96,21.961080222398728,110,2.263888888888889,5,0.6115965051628276,216
1283,22.36477007014809,117,22.71473109898675,106,2.293838862559242,5,0.622759158222915,211
1279,21.945269741985925,108,22.175136825645033,108,2.2476190476190476,5,0.6309616888193902,210
1289,21.672614429790535,111,22.92164468580295,109,2.271493212669683,4,0.6105508145849495,221
1291,22.27730441518203,105,22.116189000774593,122,2.2376681614349776,5,0.6134779240898528,223
1303,23.416730621642365,107,22.827321565617805,109,2.1619047619047618,5,0.6515732924021489,210
1301,23.039200614911607,120,22.583397386625673,102,2.18859649122807,6,0.6164488854727133,228
1297,23.292212798766386,98,22.579799537393985,112,2.2651162790697676,6,0.6245181187355435,215
1307,23.526396327467484,109,22.434583014537107,122,2.2130434782608694,4,0.6105585309869931,230
1321,22.19000757002271,98,23.419379258137774,110,2.2427184466019416,6,0.6502649507948524,206
1319,23.2827899924185,114,21.90978013646702,117,2.231404958677686,4,0.5905989385898408,242
1361,23.27700220426157,108,22.966936076414402,116,2.314159292035398,6,0.6157237325495959,226
1327,22.782215523737754,110,22.984174830444612,106,2.2358078602620086,5,0.6141672946495855,229
1399,23.37455325232309,117,23.737669764117225,124,2.1983471074380163,5,0.6197283774124375,242
1381,23.414916727009413,113,23.067342505430847,119,2.282511210762332,4,0.6314265025343954,223
1367,22.22604242867593,116,24.07461594732992,111,2.217391304347826,6,0.6269202633504023,230
1373,22.922796795338673,113,23.500364166059722,109,2.1942148760330578,4,0.6132556445739257,242
1409,24.37970191625266,107,23.519517388218595,119,2.3155555555555556,5,0.6302342086586231,225
1423,24.158116654954323,108,23.632466619817286,124,2.2742616033755274,4,0.6212227687983134,237
1429,23.33659902029391,113,23.002099370188944,119,2.2552301255230125,4,0.622813156053184,239
1427,23.30553608969867,104,23.026629292221443,121,2.3013100436681224,5,0.6306937631394534,229
1439,23.223766504517027,107,24.295343988881168,113,2.2658227848101267,4,0.6268241834607367,237
1433,22.71946964410328,107,24.825540823447312,125,2.2181069958847734,4,0.6238660153524075,243
1447,23.697304768486525,143,23.843814789219074,113,2.2254098360655736,5,0.6247408431237043,244
1451,23.624396967608547,133,23.404548587181253,124,2.260330578512397,7,0.6230186078566505,242
1481,23.845374746792707,150,24.665766374071573,118,2.231075697211155,4,0.6218771100607697,251
1459,23.96572995202193,100,23.952021932830707,107,2.2172131147540983,5,0.6291980808773132,244
1453,23.91397109428768,107,22.964900206469373,160,2.347457627118644,5,0.6187198898830006,236
1471,23.70224337185588,104,23.94425560842964,118,2.189922480620155,4,0.6159075458871516,258
1487,24.211835911230665,114,23.747814391392065,104,2.2186234817813766,5,0.6314727639542703,247
1483,24.2993931220499,114,24.287255563047875,111,2.255813953488372,5,0.6075522589345921,258
1489,24.16118200134318,114,23.54869039623909,120,2.2672064777327936,5,0.6239086635325722,247
1511,23.519523494374585,107,24.234943745863667,130,2.2379182156133828,6,0.6015883520847121,269
1493,22.923643670462155,108,24.144675150703282,123,2.3031496062992125,5,0.608171466845278,254
1499,24.951967978652434,111,24.29753168779186,115,2.225108225108225,5,0.657104736490994,231
1531,24.835401698236446,133,24.34944480731548,136,2.27734375,5,0.6192031352057479,256
1523,24.217990807616545,125,23.767564018384768,110,2.293233082706767,6,0.5994747209455022,266
1543,23.197018794556058,109,24.963707064160726,111,2.231060606060606,6,0.6182760855476345,264
1549,24.731439638476438,122,24.37120723047127,109,2.267924528301887,4,0.6120077469335055,265
1553,24.46490663232453,124,24.52801030264005,119,2.2602230483271377,4,0.6084996780424984,269
1559,24.905708787684414,102,24.918537524053882,115,2.236220472440945,5,0.63566388710712,254
1579,24.73147561747942,111,25.45598480050665,140,2.203846153846154,4,0.6371120962634579,260
1571,24.85041374920433,112,25.065563335455124,109,2.214788732394366,6,0.5996180776575429,284
1567,25.455009572431397,122,24.23356732610083,116,2.306772908366534,5,0.6305041480536057,251
1583,25.017687934301957,133,24.95198989260897,109,2.278810408921933,5,0.6127605811749842,269
1597,25.714464621164684,110,24.652473387601752,115,2.2065217391304346,5,0.6186599874765185,276
1607,25.411947728686993,181,25.6372121966397,155,2.2065217391304346,5,0.6210329807093964,276
1601,24.840724547158025,106,25.316677076826984,114,2.2281368821292777,5,0.6339787632729544,263
1609,25.095090118085768,131,25.04661280298322,112,2.213768115942029,6,0.620261031696706,276
1613,24.938003719776813,130,25.000619962802233,121,2.270758122743682,6,0.6100433973961562,277
1619,24.891290920321186,136,24.877702285361334,159,2.2464285714285714,6,0.6114885731933292,280
1621,24.83775447254781,116,25.021591610117213,119,2.2785714285714285,5,0.6064157927205429,280
1637,25.718387293830176,100,25.08185705558949,125,2.2781954887218046,5,0.6298106291997556,266
1627,25.330669944683468,139,25.164105716041796,115,2.197718631178707,6,0.6447449293177627,263
1657,26.27519613759807,153,25.174411587205793,130,2.227272727272727,5,0.6451418225709112,264
1663,25.80216476247745,129,26.019242333132894,124,2.1964912280701756,5,0.6235718580877931,285
1667,25.839832033593282,116,25.880623875224956,123,2.2964285714285713,6,0.6142771445710857,280
1669,26.690832834032356,151,24.751947273816658,133,2.2448275862068967,6,0.609946075494308,290
1693,25.892498523331366,119,25.749556999409332,134,2.202090592334495,5,0.6266981689308919,287
1697,25.97642899233942,122,26.058927519151442,147,2.216494845360825,5,0.619917501473188,291
1709,25.814511410181392,115,26.551784669397307,155,2.207612456747405,5,0.6266822703335284,289
1699,25.710417892878162,134,26.291347851677457,135,2.224199288256228,5,0.6321365509123014,281
1721,25.94479953515398,120,25.583381754793724,122,2.275,7,0.6298663567693201,280
1723,25.76262333139872,126,25.67730702263494,118,2.272727272727273,5,0.6227510156703424,286
1741,26.731188971855257,114,26.36243538196439,166,2.2413793103448274,5,0.6266513497989661,290
1747,26.3909559244419,148,26.597595878649113,140,2.2491349480968856,6,0.6279336004579279,289
1733,26.382573571840737,125,26.264281592613965,140,2.2466216216216215,4,0.6162723600692441,296
1753,26.43810610382202,129,26.669709070165432,112,2.2922535211267605,5,0.6286366229321164,284
1777,26.63984243106359,126,26.56218345526168,130,2.2688172043010755,5,0.6437816544738323,279
1783,26.20358945597308,127,25.53449242849131,140,2.2664576802507836,5,0.5945036455412227,319
1787,26.3217683268047,139,25.651371012870733,145,2.236245954692557,5,0.6133184107442641,309
1759,25.664582148948266,115,26.82546901648664,139,2.246794871794872,4,0.6014781125639568,312
1789,26.08496366685299,174,27.670206819452208,139,2.281045751633987,6,0.6098378982671884,306
1801,26.606885063853415,143,26.55802332037757,124,2.283828382838284,5,0.6157690172126596,303
1823,26.84585847504114,125,26.681294569391113,136,2.2607260726072607,5,0.6242457487657707,303
1811,26.506902263942575,133,26.650469353948093,139,2.259016393442623,4,0.6195472114853672,305
1867,27.819496518478843,141,26.999464381360472,159,2.2261146496815285,4,0.6256025709694697,314
1861,26.966147232670608,117,26.52176249328318,137,2.251572327044025,6,0.615260612573885,318
1847,27.354629128316187,142,26.181916621548456,134,2.2598684210526314,4,0.6280454791553871,304
1831,27.547241944292736,122,26.493173129437466,145,2.247557003257329,5,0.6231567449481158,307
1873,27.133475707421248,139,27.371062466631074,138,2.1751592356687897,4,0.6353443673251469,314
1871,27.576162479957244,124,25.691608765366116,129,2.286624203821656,5,0.6162479957242116,314
1877,27.66968566862014,155,26.74693660095898,169,2.19811320754717,4,0.6275972296217368,318
1879,26.60883448642895,129,26.82277807344332,130,2.2253968253968255,4,0.6269292176689728,315
1889,26.756484912652198,142,27.069348861831656,143,2.255952380952381,4,0.598729486500794,336
1901,27.38190426091531,153,27.201472908995267,155,2.2492012779552715,5,0.6296685954760652,313
1913,27.84526921066388,123,27.212754835337165,163,2.2828947368421053,5,0.6372190277051751,304
1907,26.680125852123755,108,27.43209229155742,147,2.2755102040816326,5,0.649187205034085,294
1931,26.89331952356292,130,27.389435525634386,122,2.2222222222222223,7,0.5960642154324184,351
1933,27.460941541645113,126,27.12984997413347,147,2.260586319218241,5,0.6409725814795655,307
1973,27.490623416117586,223,27.863152559553978,163,2.2455621301775146,5,0.6153066396350735,338
1949,26.636223704463827,114,27.630579784504874,136,2.2442528735632186,6,0.599281682914315,348
1951,26.687852383393132,149,28.237314197847258,137,2.2755417956656347,5,0.6232701178882625,323
1979,28.04244567963618,130,27.557352198079837,181,2.2551319648093844,5,0.6114199090449722,341
1987,27.215903371917463,126,27.66935078007046,129,2.2771084337349397,5,0.6195269250125818,332
1993,27.71149021575514,162,28.280481685900654,145,2.2684365781710913,5,0.6141495233316608,339
1997,28.171757636454682,142,27.200300450676014,127,2.2386363636363638,5,0.6054081121682524,352
2003,28.689465801298052,129,26.734398402396405,146,2.21021021021021,5,0.6325511732401398,333
1999,27.642821410705352,151,27.773386693346673,153,2.2176470588235295,6,0.6228114057028514,340
2011,28.574838388861263,135,28.22526106414719,171,2.2079510703363914,5,0.6409746394828444,327
2027,27.190429205722744,153,28.643315244203254,144,2.232091690544413,6,0.6156882091761223,349
2017,28.178978681209717,144,27.65592464055528,165,2.256797583081571,5,0.6296479920674268,331
2029,28.498767865943815,123,28.51749630359783,125,2.210227272727273,5,0.6165598817151307,352
2039,27.2368808239333,139,28.124080431584108,133,2.2588235294117647,5,0.6233447768513978,340
2063,29.050412021328164,130,28.846340281143966,138,2.2328358208955223,5,0.6374212312166747,335
2053,28.796395518753044,153,28.620068192888457,149,2.2417910447761193,5,0.634193862640039,335
2083,28.54632741238598,155,28.839654344695152,131,2.2612359550561796,5,0.6135381661065771,356
2069,28.621556307394876,160,28.097148380860318,185,2.252808988764045,5,0.612373127114548,356
2087,29.106851940584573,164,28.325826545280307,158,2.237960339943343,4,0.6214662194537613,353
2081,28.594906295050457,127,29.345026429601152,142,2.244047619047619,5,0.6376741950985103,336
2099,29.305859933301573,176,29.468318246784182,165,2.215339233038348,4,0.6422105764649834,339
2089,29.43800861656295,137,28.726184777405457,128,2.2232142857142856,5,0.6424126376256583,336
2111,28.55566082425391,153,29.660350544765514,134,2.2664670658682633,5,0.6414021790620559,334
2113,27.853762423095127,129,28.881211547562707,136,2.28328611898017,5,0.6185518220539518,353
2129,28.883513386566463,143,28.77501174260216,165,2.1865284974093266,5,0.6035697510568342,386
2131,28.654622243078368,147,28.8015016424214,144,2.272463768115942,7,0.6320976067573909,345
2153,29.39433348815606,148,29.23409196470042,139,2.216,6,0.6140269391546679,375
2141,28.172349369453528,166,28.135450723960766,149,2.296398891966759,6,0.6127977580569827,361
2137,29.278895648104818,136,28.802058961160505,143,2.2270114942528734,5,0.6373420683200749,348
2143,29.221185254316378,132,28.589827344843677,124,2.210674157303371,5,0.6327578161455903,356
2179,29.60761817347407,146,28.117944011014227,170,2.208,4,0.6200091785222579,375
2161,29.269782508098103,135,30.00416473854697,167,2.2378223495702008,6,0.6385932438685794,349
2207,29.82555505210693,157,29.792931581332127,150,2.222513089005236,4,0.615314907113729,382
2203,29.14661824784385,146,29.26917839310032,148,2.2598425196850394,4,0.6091693145710395,381
2213,29.215092634432896,159,29.388612742882966,153,2.230769230769231,6,0.6330772706732942,364
2221,30.215218370103557,165,29.85096803241783,159,2.2338028169014086,4,0.6429536244934714,355
2239,29.721750781598928,192,29.64761054041983,136,2.2717391304347827,5,0.6266190263510496,368
2237,29.335717478766206,151,29.491282968261064,145,2.215633423180593,5,0.6325435851586947,371
2243,28.95497102095408,151,30.22692822113241,161,2.269633507853403,5,0.613464110566206,382
2267,30.191883546537273,136,30.2059991177768,154,2.2282608695652173,6,0.6382884869872077,368
2251,29.70546423811639,159,28.9755664149267,148,2.2513513513513512,5,0.6299422478898268,370
2269,29.50991626267078,158,29.777434993389157,177,2.253968253968254,5,0.624504186866461,378
2293,29.555167902311382,170,29.27431312690798,135,2.2531328320802007,5,0.607937200174444,399
2273,29.45930488341399,158,29.384513858336998,155,2.2290076335877864,5,0.61460624725033,393
2287,29.918233493659816,142,29.618714473108877,145,2.2198952879581153,4,0.6292085701792741,382
2281,29.97632617273126,153,30.27444103463393,175,2.214833759590793,5,0.6203419552827707,391
2309,30.809874404504114,143,30.000866175833693,151,2.2371967654986524,5,0.6405370290168905,371
2297,29.861993905093602,144,30.236830648672182,140,2.278688524590164,6,0.6369177187636047,366
2333,29.705100728675525,145,29.960565795113588,139,2.2320987654320987,5,0.6125160737248179,405
2311,30.71484205971441,197,29.576373864128083,153,2.213740458015267,5,0.6235395932496755,393
2351,29.865163760102085,175,30.738834538494256,159,2.2468827930174564,5,0.6167588260314759,401
2347,30.985513421389008,144,30.567533020877715,172,2.2461139896373057,6,0.6305922454196847,386
2339,30.03805044890979,152,30.289867464728516,141,2.210526315789474,5,0.6229157759726379,399
2341,30.02263989747971,150,29.444681759931655,143,2.2519083969465647,5,0.6219564288765485,393
2371,30.629270350063265,145,30.54744833403627,143,2.241192411924119,5,0.6512020244622522,369
2357,29.869325413661436,143,30.658464149342386,165,2.230769230769231,4,0.618582944420874,403
2381,30.429231415371692,177,30.971860562788745,167,2.2206235011990407,5,0.6110877782444352,417
2377,30.5330248212032,158,30.885149347917544,151,2.236503856041131,5,0.633992427429533,389
2383,30.28073856483424,142,30.649601342845152,158,2.2635467980295565,6,0.614351657574486,406
2389,29.894935119296775,147,31.07785684386773,164,2.216417910447761,5,0.6270406027626622,402
2399,30.164235097957484,165,30.621925802417675,169,2.2457420924574207,5,0.6152563568153397,411
2393,30.83618888424572,154,29.96322607605516,155,2.2219570405727924,4,0.6109486000835771,419
2411,31.14060555785981,153,31.133139776026546,157,2.2109181141439205,5,0.6304437992534219,403
2417,31.29582126603227,146,30.637567232105916,182,2.271604938271605,6,0.6193628465039305,405
2423,30.411886091621955,150,31.362773421378456,165,2.237623762376238,4,0.6269087907552621,404
2437,32.15675010258514,144,30.777595404185472,165,2.208651399491094,6,0.6438243742306115,393
2441,31.10979106923392,160,30.570258090946332,145,2.2457002457002457,5,0.625563293732077,407
2447,31.70044953003678,162,31.45034736411933,163,2.2382075471698113,5,0.6121781773600327,424
2467,30.518848804215647,157,31.192946899067692,182,2.241545893719807,5,0.6238346169436563,414
2459,31.156974379829197,166,30.964213094753966,151,2.2487562189054726,5,0.6323708824725498,402
2477,30.90270488494146,188,31.89826402906742,163,2.2911694510739857,6,0.6124343964473153,419
2473,31.44561261625556,143,31.841083704003236,203,2.2118226600985222,5,0.6368782854832188,406
2521,29.454184847282825,159,32.503768345894485,164,2.2471395881006866,4,0.610472034906783,437
2539,31.258369436786136,163,31.367467506892478,159,2.2769607843137254,5,0.63410791650256,408
2503,30.63643627646824,149,32.1825809029165,161,2.2246376811594204,5,0.6320415501398322,414
2531,31.369814302647175,141,32.05649940734887,189,2.2622549019607843,5,0.6353220071118135,408
2549,30.921537857983523,146,31.364456649666536,173,2.251685393258427,6,0.60690466849745,445
2543,32.0389303971687,164,31.918600078647266,163,2.2063106796116503,6,0.642548171451042,412
2557,31.418850215095816,153,32.07547907704341,157,2.2464788732394365,5,0.6257332811888933,426
2579,32.692904226444355,173,30.965878247382708,214,2.25,8,0.6196200077549437,436
2591,31.53184098803551,170,32.345812427634115,176,2.242857142857143,5,0.6364338093400231,420
2551,31.317914543316345,171,31.17404939239514,187,2.2863849765258215,7,0.6181889455115641,426
2593,31.362900115696103,155,33.00115696104898,166,2.2652582159624415,6,0.627844195912071,426
2609,32.07819087773093,167,31.905711000383288,151,2.2271714922048997,5,0.6167113836719049,449
2617,32.49789835689721,168,31.35040122277417,174,2.2764976958525347,6,0.6224684753534582,434
2621,31.126287676459366,162,32.84814956123617,182,2.2131868131868133,5,0.6157954979015643,455
2633,32.82947208507406,189,32.2631978731485,173,2.2300242130750605,5,0.6502088872009115,413
2647,32.36683037400831,184,31.201360030222894,173,2.2153846153846155,4,0.6191915375897242,455
2657,31.98118178396688,216,31.426797139631162,174,2.2784222737819024,5,0.630410237109522,431
2659,31.80932681459195,174,32.40165475742761,152,2.236842105263158,5,0.6163971417826251,456
2663,31.811490799849793,197,32.99774690199024,166,2.2047413793103448,4,0.6158467893353361,464
2671,33.57094721078248,195,31.955073006364657,180,2.255421686746988,4,0.649569449644328,415
2677,33.952558834516246,153,32.05640642510273,167,2.245977011494253,6,0.635039223010833,435
2683,32.532240029817366,166,32.935147223257545,188,2.24,5,0.6451733134550875,425
2687,32.38481577967994,172,32.40119091924079,223,2.243847874720358,5,0.6267212504652029,447
2689,33.05950167348457,170,32.16548902937895,159,2.25,5,0.6351803644477501,436
2699,32.238236383845866,162,32.24712856613561,157,2.267543859649123,5,0.6168951463505001,456
2693,32.89751206832529,168,32.19940586706276,146,2.220489977728285,5,0.629780913479391,449
2729,32.167460608281424,155,32.48112861854159,175,2.248380129589633,4,0.6185415903261268,463
2731,32.98608568290004,196,32.454046136946175,173,2.2574031890660593,5,0.6371292566825338,439
2707,33.65681566309568,189,31.936461026967123,154,2.25,4,0.6243073513114149,452
2719,31.923501287237954,190,33.198602427363,153,2.2362030905077264,7,0.6274365575579257,453
2713,32.21194249907851,171,32.69001105786952,159,2.2101769911504423,6,0.6317729450792481,452
2711,32.10143858354851,150,32.14496495758023,151,2.2435344827586206,5,0.6160088528218369,464
2741,31.492885808099235,151,33.67311200291864,174,2.2058823529411766,5,0.6169281284202845,476
2749,33.19425245543834,183,32.87449981811568,167,2.2325581395348837,5,0.6158603128410332,473
2753,33.24664002905921,166,33.2560842717036,212,2.2748815165876777,6,0.6512895023610606,422
2767,33.16443801951572,179,33.73798337549693,182,2.2285714285714286,5,0.6335381279363932,455
2789,33.56400143420581,186,32.42918608820366,162,2.237322515212982,7,0.6045177482968807,493
2777,32.44508462369463,158,32.94382427079582,174,2.2939914163090127,6,0.6150522146200936,466
2791,31.99605876030097,179,32.83876746685776,165,2.25,5,0.6194912217843067,472
2801,33.44091395930025,212,33.198857550874685,177,2.2113289760348582,5,0.6376294180649767,459
2797,33.71826957454415,184,33.319628173042545,167,2.2236559139784946,5,0.6303181980693601,465
2803,32.946129147342134,170,32.714591509097396,193,2.2565656565656567,5,0.6014983945772386,495
2833,33.18108012707377,157,34.02117896223085,184,2.2379958246346554,5,0.6216025414754677,479
2819,33.92656970556935,186,32.560482440581765,158,2.2372188139059306,6,0.6119191202554097,489
2843,33.33415406260992,157,32.77207175518818,172,2.2650602409638556,6,0.6032360182905382,498
2837,33.91646105040536,179,32.20726119139937,162,2.2618556701030927,5,0.6133239337328164,485
2857,33.68638431921596,188,33.708085404270214,164,2.2421052631578946,6,0.6272313615680783,475
2851,33.88074359873728,157,33.02385128025254,196,2.2409381663113006,5,0.6313574184496668,469
2879,33.985064258423066,179,33.75686002084057,197,2.2416851441241685,5,0.6488364015283085,451
2861,33.52673890248165,175,32.34253757427473,187,2.2378167641325537,5,0.5987416987067459,513
2887,32.63006581226186,176,33.282299965361965,174,2.26171875,5,0.598891582958088,512
2897,33.74111149464964,173,33.686572316189164,167,2.243186582809224,6,0.6306523990334829,477
2903,34.217361350327245,171,34.3255253186359,155,2.2320675105485233,6,0.6355494316224595,474
2909,33.37469920935029,170,35.01718803712616,192,2.274428274428274,5,0.623925747679615,481
2927,33.653228561667234,198,33.04065596173557,174,2.2475247524752477,5,0.612230953194397,505
2917,34.02434007541995,174,33.80905039424066,211,2.22020202020202,5,0.6232430579362359,495
2939,33.923443348077576,167,33.88941816944539,179,2.2263779527559056,5,0.6151752296699557,508
2963,34.429969625379684,169,34.34087073911576,205,2.209255533199195,5,0.6294296321295983,497
2953,33.18252624449712,159,34.05587538096851,179,2.262,7,0.6169996613613274,500
2957,35.22590463307406,200,33.34798782549882,190,2.228690228690229,4,0.6374704091985121,481
2971,34.06529787950185,169,33.55368562773477,196,2.256,5,0.6203298552675867,500
3001,35.06497834055315,179,34.153282239253585,166,2.2653927813163484,7,0.6444518493835388,471
2969,34.66049174806332,200,34.98450656786797,171,2.233820459290188,6,0.6396092960592792,479
2999,33.848949649883295,171,35.19806602200734,224,2.2200392927308448,5,0.6232077359119707,509
3023,33.5944426066821,178,34.19616275223288,164,2.2563600782778863,5,0.6185908038372477,511
3019,33.40079496522027,168,34.484928784365685,189,2.253384912959381,5,0.6141106326598211,517
3011,34.18797741614082,183,33.84755895051478,189,2.2309124767225326,5,0.6021255396878114,537
3037,34.948633519920975,180,33.63878827790583,181,2.2421259842519685,5,0.6249588409614751,508
3041,34.34034856954949,169,34.72574810917461,196,2.244575936883629,4,0.6257809930943768,507
3049,35.45096753033781,174,34.667759921285665,177,2.2278978388998034,5,0.6280747786159396,509
3061,33.97745834694544,203,33.857236197321136,157,2.2688588007736943,5,0.6167918980725253,517
3067,35.20508640365178,175,34.19791327029671,190,2.210227272727273,5,0.6194978806651451,528
3079,35.04157193894122,200,35.319584280610584,167,2.257085020242915,6,0.6378694381292628,494
3083,33.9328576062277,183,34.75154070710347,203,2.27,5,0.6318520921180668,500
3089,34.55551958562641,178,34.80770475882162,207,2.2627450980392156,5,0.6264163159598576,510
3121,34.708426786286445,171,34.216276834347966,194,2.2576335877862594,6,0.6209548221723806,524
3119,35.08496312920808,172,35.67072779737095,185,2.272349272349272,6,0.6495671689644117,481
3109,34.719845609520746,214,34.808298488259894,230,2.2874015748031495,6,0.6262463814731425,508
3163,35.196648751185585,181,35.7132469174834,222,2.2425373134328357,6,0.6199810306670882,536
3137,34.781957284029325,161,34.2881734140899,200,2.2574074074074075,6,0.6114121772394007,540
3169,34.33733038813506,182,35.99463553171348,209,2.2450805008944545,6,0.6039760176711897,559
3167,36.30849384275339,193,35.80770445216293,187,2.216326530612245,5,0.6570887275023681,490
3181,35.765482552656394,185,34.863250550141466,200,2.2419354838709675,5,0.6067274441999371,558
3187,36.03074992155632,244,35.139629745842484,195,2.220779220779221,5,0.624411672419203,539
3209,35.81115612340293,200,35.998130258647556,207,2.2047970479704797,5,0.6276098473044562,542
3203,34.78364033718389,172,35.40680611926319,168,2.3333333333333335,6,0.6306587574149235,507
3217,34.91296238731738,175,35.88591855766242,219,2.276190476190476,6,0.6285359030152315,525
3191,35.605452836101534,212,35.776245691005954,177,2.264367816091954,6,0.6295832027577561,522
3221,35.25768394908413,189,36.540515367898166,211,2.236162361623616,5,0.6237193418193108,542
3229,36.091359554041496,170,36.043666769897804,169,2.2007299270072993,5,0.6265097553422112,548
3251,35.30944324823131,194,35.74377114733928,222,2.251336898395722,5,0.6115041525684405,561
3253,35.498001844451274,205,36.07285582539195,186,2.213768115942029,5,0.6243467568398402,552
3259,35.99601104633323,203,36.29088677508438,178,2.2081031307550645,5,0.6320957348880024,543
3299,35.92391633828433,180,36.600181873294936,171,2.26007326007326,5,0.625947256744468,546
3271,35.87832467135433,174,35.121063894833384,184,2.2330960854092528,5,0.6163252827881381,562
3257,36.06693276020878,200,35.965305495855084,180,2.2337662337662336,5,0.6303346638010439,539
3307,34.73843362564258,159,36.08436649531297,192,2.257042253521127,5,0.6123374659812519,568
3319,37.13980114492317,183,35.46610424826755,211,2.2248201438848922,6,0.6272973787285326,556
3313,35.48717174766073,178,35.26441291880471,184,2.2788990825688074,5,0.6251131904618171,545
3301,36.38291426840352,178,36.414116934262346,198,2.2485436893203885,4,0.6491972129657679,515
3329,36.84890357464704,200,36.49083808951637,191,2.25044404973357,6,0.6194052267948332,563
3323,35.92777610592838,179,36.20553716521216,204,2.2249134948096887,6,0.6130003009328919,578
3331,35.933653557490246,180,35.93335334734314,200,2.2454212454212454,4,0.6319423596517563,546
3343,35.649416691594375,207,36.161232425964705,192,2.249560632688928,5,0.617110379898295,569
3359,36.83596308425127,212,36.303661804108366,178,2.2390924956369984,5,0.61804108365585,573
3347,36.9300866447565,195,36.38780997908575,169,2.201478743068392,5,0.6441589483119211,541
3371,35.42123998813408,201,37.06585582913082,218,2.258992805755396,6,0.6274102640166123,556
3361,35.60101160368938,186,36.00029753049687,197,2.245315161839864,6,0.6078548051175245,587
3373,36.607471093981616,196,35.772605988734064,194,2.2666666666666666,5,0.616958197450341,570
3389,36.80643257598111,217,35.742106816169965,194,2.2152777777777777,6,0.6234877544998525,576
3413,36.6185174333431,177,36.38441254028714,193,2.261648745519713,6,0.6302373278640492,558
3407,36.22923393014382,207,37.568535368359264,200,2.232075471698113,5,0.6527737012034047,530
3391,36.42435859628428,188,35.74019463285167,173,2.2529711375212225,6,0.6086700088469478,589
3433,36.94669385377221,187,36.54733469268861,190,2.2203098106712567,5,0.6242353626565686,581
3449,37.096259785445056,186,36.710060887213686,199,2.274193548387097,6,0.6320672658741664,558
3457,36.424356378362745,199,38.00549609487995,183,2.204391891891892,5,0.6225050621926526,592
3469,37.475353127702505,202,36.60190256558086,191,2.21280276816609,4,0.6313058518304987,578
3467,35.867320449956736,175,38.48456879146236,234,2.269230769230769,6,0.625612921834439,572
3463,36.56280681490038,205,36.75454807969968,200,2.27318718381113,5,0.6107421311002021,593
3461,37.37012424154869,183,36.62120774342676,202,2.2265758091993186,6,0.6223634787633632,587
3499,37.118891111746215,196,35.94169762789368,173,2.245644599303136,5,0.6316090311517576,574
3491,36.98768261243197,217,38.152678315668865,192,2.2255244755244754,6,0.6353480378115153,572
3517,37.11657662780779,195,36.40688086437304,203,2.2512733446519526,5,0.6229741256752914,589
3511,37.03987467957847,186,37.30418684135574,192,2.224108658743633,6,0.6268869268014811,589
3529,37.320487390195524,200,37.087276848965715,207,2.244107744107744,5,0.6222725984698215,594
3527,37.515168698610715,173,37.263113127303654,190,2.2825719120135366,7,0.6175219733484548,591
3539,36.968635207685786,175,36.923707261938404,205,2.2526132404181185,6,0.6346425543938966,574
3533,37.90517973393716,205,37.495046702519105,223,2.254428341384863,5,0.6037362015284461,621
3541,36.774357526122564,192,36.99152781700085,196,2.222961730449251,5,0.6227054504377294,601
3547,38.59825204398083,200,37.0279109106287,202,2.2663316582914574,5,0.6185508880744292,597
3559,37.02837875807811,189,37.40629390278168,209,2.2432432432432434,6,0.6268614779432424,592
3557,36.98172617374192,181,36.4003373629463,162,2.2233502538071064,5,0.6305875737981445,591
3581,37.77967048310528,205,37.41803965372801,239,2.2240802675585285,5,0.6285953644233454,598
3571,37.38868664239709,184,37.73508821058527,222,2.292929292929293,6,0.6185942313077569,594
3583,36.684063633826405,187,38.329053865475856,229,2.215780998389694,4,0.6159642757465811,621
3593,37.53743389924854,217,37.730030615084885,207,2.215126050420168,5,0.6331756192596716,595
3613,37.795184057569884,240,38.109327428729586,179,2.2157190635451505,5,0.6332687517298644,598
3607,38.026614915442195,206,37.40948156362628,171,2.2291666666666665,5,0.6143609647906848,624
3617,37.74426320154824,184,37.80729886646392,218,2.2071778140293636,5,0.6259330937240807,613
3623,37.91139939276842,206,37.0339497653878,177,2.214968152866242,7,0.6160640353298371,628
3659,37.51571467614102,217,37.79721235310194,184,2.234527687296417,6,0.625034162339437,614
3637,38.2196865548529,181,37.53780588397031,218,2.2349102773246328,5,0.6233159197140501,613
3631,36.48746901679978,194,38.490223079041584,203,2.2627257799671594,5,0.6204902230790416,609
3643,37.76228383200659,191,37.10348613779852,202,2.2451612903225806,6,0.6178973373593193,620
3677,37.93146586891488,214,36.53005167255915,231,2.2661290322580645,5,0.6178950231166712,620
3691,38.77594147927391,191,37.8732050934706,199,2.1888544891640866,5,0.6169059875372528,646
3671,38.2495232906565,202,38.171342958321986,234,2.238172920065253,7,0.6262598746935439,613
3673,37.45221889463654,206,37.991015518649604,193,2.2746710526315788,5,0.6234685543152736,608
3697,37.679740329997294,213,37.86367324857993,178,2.2370967741935486,5,0.6248309440086557,620
3701,38.10186436098352,211,37.37071061875169,184,2.257911392405063,5,0.6144285328289651,632
3709,38.02345645726611,207,38.56915610676732,220,2.2365930599369084,5,0.6176867080075492,634
3719,38.760688357085236,237,38.71094380209734,195,2.210016155088853,5,0.6321591825759613,619
3733,38.661666220198235,230,38.04446825609429,201,2.222741433021807,5,0.6177337262255559,642
3727,38.607727394687416,202,39.25382345049638,216,2.222950819672131,5,0.6361685001341562,610
3739,38.01337255950789,215,39.05723455469377,226,2.243161094224924,5,0.6052420433270929,658
3761,38.19462908800851,220,38.598245147567134,212,2.253968253968254,6,0.6224408402020739,630
3793,38.81755866069074,188,38.969417347745846,213,2.2492113564668768,5,0.6240442921170577,634
3779,37.93252183117227,222,37.66287377613125,221,2.2679938744257275,5,0.6080973802593279,653
3769,38.20350225524012,235,38.77341469885911,189,2.21483771251932,5,0.6197930485539931,647
3767,38.3039554021768,193,38.42049376161402,198,2.2179289026275115,5,0.6190602601539686,647
3823,38.53675124247973,207,39.030342662830236,225,2.2457757296466974,5,0.6175778184671724,651
3797,37.68843824071636,195,38.589939425862525,211,2.216012084592145,6,0.6136423492230708,662
3821,39.858675739335254,215,38.126406699816805,194,2.237942122186495,5,0.6356974613975399,622
3803,37.90376018932422,240,38.20010518012096,194,2.252663622526636,7,0.6108335524585853,657
3847,39.49597088640499,213,38.90668053028334,196,2.230407523510972,6,0.6301013776969067,638
3833,38.65797025828333,183,39.15105661361858,210,2.217868338557994,5,0.6308374641273155,638
3853,39.68206592265767,209,38.38489488710096,217,2.2503961965134707,5,0.6314560083052168,631
3851,38.600882887561674,218,38.87042326668398,226,2.2511773940345368,6,0.6276291872240977,637
3863,38.39554750194149,211,38.010354646647684,213,2.2404287901990814,6,0.6212787988609889,653
3881,38.94125225457356,235,39.01236794640557,216,2.236280487804878,5,0.6220046379799021,656
3877,39.4003095176683,193,38.97369099819448,239,2.216640502354788,5,0.6358008769667268,637
3889,39.033684751864236,201,39.140653124196454,239,2.2515337423312882,5,0.6225250707122654,652
3911,39.74379953975965,228,39.609818460751725,182,2.2496099843993758,5,0.6312963436461263,641
3917,39.891498595864185,211,39.13479703854991,213,2.210280373831776,5,0.6377329588971151,642
3919,40.69915794845624,210,38.66496555243685,198,2.233704292527822,5,0.6414901760653228,629
3907,39.300998208344,215,39.691323265932944,201,2.2516129032258063,5,0.6426926030202201,620
3923,38.8044863624777,239,39.49604894213612,221,2.2579666160849774,6,0.6206984450675503,659
3929,39.54848561975057,216,39.847798421990326,225,2.215926493108729,5,0.6317129040468312,653
3931,40.05418468583058,199,38.65606715848384,183,2.2260596546310834,5,0.639277537522259,637
3943,39.39944204920111,202,38.69540958660918,213,2.2745098039215685,7,0.6175500887648998,663
3947,39.59944261464403,193,39.45224220927287,182,2.2259036144578315,5,0.6255383835824677,664
3967,39.84774388706831,224,39.30552054449206,202,2.237518910741301,5,0.6271741870431056,661
3989,38.17322637252444,197,40.003008272750066,294,2.2545454545454544,5,0.6269741789922286,660
4007,40.04217619166459,218,38.81157973546294,208,2.2511346444780633,5,0.6286498627402046,661
4013,39.74109145277847,204,38.97732369798156,235,2.2630792227204783,7,0.6227261400448543,669
4001,39.81054736315921,221,39.035241189702575,212,2.269461077844311,6,0.6210947263184204,668
4003,40.19960029977517,221,38.97002248313765,187,2.2345323741007195,5,0.6120409692730452,695
4021,38.91619000248694,279,39.192986819199206,193,2.2299854439592433,5,0.6190002486943547,687
4019,39.890022393630254,202,38.969893008210995,233,2.221407624633431,6,0.6230405573525752,682
4027,39.94214055127887,241,39.05115470573628,182,2.2354609929078015,6,0.6086416687360318,705
4049,39.74117065942208,208,39.38898493455174,204,2.211246200607903,6,0.6406520128426773,658
4051,39.832387064922244,209,40.28412737595655,216,2.2208955223880595,5,0.632683288077018,670
4057,39.363076164653684,246,40.185112151836336,209,2.2323232323232323,5,0.6186837564702983,693
4091,39.369347347836715,210,39.70960645318993,212,2.2524682651622,6,0.6096308970911758,709
4093,40.517468849254826,244,39.38138284876619,253,2.2879019908116387,6,0.6349865624236501,653
4073,39.885342499386205,206,39.58850969801129,186,2.241279069767442,5,0.6214092806285293,688
4079,39.82593772983574,191,39.18092669772003,214,2.253968253968254,5,0.6170630056386369,693
4139,39.574051703309976,228,40.24981879681082,232,2.2551622418879056,6,0.6305870983329307,678
4099,40.31275920956331,228,40.32861673578922,209,2.2689335394126737,7,0.6418638692363992,647
4133,39.48318412775224,210,41.0742801838858,233,2.218475073313783,6,0.6339220904911687,682
4129,40.736013562605955,253,40.84475659966093,203,2.2525252525252526,5,0.6219423589246791,693
4111,40.089759182680616,201,40.66358550231087,222,2.2338830584707647,6,0.6375577718316712,667
4127,40.37557547855585,200,40.79137387933123,204,2.21122599704579,5,0.6372667797431548,677
4157,40.547991339908585,200,40.335337984123164,199,2.2467153284671535,6,0.6297810921337503,685
4153,39.96990127618589,226,40.57741391764989,241,2.272069464544139,5,0.6219600288947749,691
4159,40.16903101707141,194,40.402741043520074,199,2.254335260115607,5,0.6249098340947343,692
4217,40.297842067820724,218,40.55584538771639,210,2.2407660738714092,5,0.6115722077306142,731
4177,39.8498922671774,201,41.27316255685899,209,2.24103299856528,6,0.626047402441944,697
4211,41.27095701733555,212,39.77891237235811,198,2.235207100591716,5,0.6411778674899073,676
4201,40.63722923113544,226,40.71411568674125,212,2.2420749279538903,5,0.6296119971435372,694
4219,39.85944536620052,208,40.536383029153825,248,2.2582025677603426,6,0.6247926048826736,701
4229,40.63466540553322,192,40.38779853393237,227,2.2481426448737,5,0.6422322061953181,673
4243,40.51920810747113,202,40.54466179589913,226,2.265185185185185,7,0.639641762903606,675
4241,40.67861353454374,229,40.80664937514737,212,2.244285714285714,6,0.6295684979957558,700
4231,40.9463483809974,252,41.24722287875207,210,2.2175141242937855,5,0.628929331127393,708
4259,41.06809110119747,209,40.235266494482275,242,2.232819074333801,5,0.6262033341159897,713
4261,41.19995306266135,219,40.766721426895096,228,2.2214673913043477,5,0.6162872565125558,736
4253,41.10909945920527,232,40.66564777803903,201,2.245363766048502,6,0.6299083000235128,701
4271,40.35635682509951,198,40.78553032076797,221,2.2289473684210526,5,0.6033715757433856,760
4273,40.26749356424058,198,41.13362976831266,213,2.2357043235704324,6,0.6248537327404634,717
4297,40.78403537351641,200,41.66627879916221,234,2.233837689133425,6,0.622061903653712,727
4283,41.74854074247023,223,40.63600280177446,217,2.2395382395382395,6,0.6376371702077983,693
4327,41.57106540328172,222,41.42107695863184,240,2.233425414364641,5,0.6262999768892997,724
4289,41.82303567265097,238,41.51853578922826,224,2.2098591549295774,5,0.6341804616460713,710
4339,41.70546208803872,236,40.95021894445725,231,2.2410468319559227,5,0.6250288084812169,726
4337,40.51233571593267,233,40.3124279455845,221,2.239612188365651,5,0.6271616324648375,722
4349,41.83329501034721,198,41.60151759025063,189,2.2736111111111112,5,0.6235916302598299,720
4357,41.43148955703466,195,41.96190039017673,214,2.2703081232492996,6,0.6279550149185219,714
4363,41.71418748567499,245,40.432500573000226,199,2.2216288384512684,5,0.618611047444419,749
4373,40.809284244225935,209,41.30413903498742,220,2.2460658082975677,5,0.6409787331351475,699
4409,42.33159446586527,223,40.6894987525516,213,2.220472440944882,6,0.6162395100929916,762
4421,40.75593757068537,228,41.78964035286134,229,2.2345191040843213,6,0.6163763854331599,759
4391,42.102710088818036,236,41.987702117968574,214,2.2028985507246377,5,0.6192211341380096,759
4397,42.03843529679327,203,41.60564020923357,259,2.23202170963365,5,0.625881282692745,737
4441,41.359378518351726,268,41.78518351722585,239,2.2174496644295303,5,0.6280117090745327,745
4447,41.726557229592984,224,42.01956375084327,251,2.26812585499316,5,0.6271643804812232,731
4451,42.480341496292965,212,41.112334306897324,220,2.2312925170068025,7,0.6315434733767693,735
4423,41.964955912276736,206,42.45941668550758,239,2.245492371705964,5,0.6339588514582862,721
4463,41.46403764284114,262,41.69101501232355,206,2.2609853528628494,5,0.6195384270669952,751
4457,41.254206865604665,215,42.02827013686336,214,2.257065948855989,6,0.6237379403186,743
4493,41.93879367905631,218,42.054084130870244,235,2.2767379679144386,5,0.6209659470287113,748
4507,42.20479254493011,234,41.9531839360994,257,2.207808564231738,5,0.6110494785888617,794
4481,42.35706315554564,221,41.04374023655434,199,2.2348284960422165,7,0.6219593840660567,758
4483,42.17956725407093,221,41.6372964532679,220,2.2299605781865965,5,0.6214588445237564,761
4517,43.129953508966125,221,41.51317245959708,264,2.2364864864864864,5,0.6336063759132168,740
4519,42.43505200265545,270,41.967691967249394,239,2.2180851063829787,5,0.630891790219075,752
4523,41.25204510280787,223,42.463188149458325,241,2.239512855209743,5,0.6340924165376962,739
4513,41.75293596277421,259,42.25614890316862,217,2.2302543507362786,5,0.6308442277863948,747
4547,42.3681548273587,220,42.746866065537716,245,2.251388888888889,4,0.6435012095887398,720
4549,41.98922840184656,276,41.40800175862827,216,2.278820375335121,5,0.6262914926357441,746
4561,42.839289629467224,220,41.69721552291164,214,2.2496589358799453,6,0.6384564788423591,733
4567,42.56448434420845,245,42.31377271731991,221,2.23202170963365,5,0.6398073133347931,737
4583,42.030765873881734,250,42.161684486144445,229,2.278947368421053,5,0.6220816059349771,760
4591,42.06251361359181,212,41.60117621433239,220,2.246173469387755,5,0.6164234371596602,784
4597,42.905155536219276,233,42.19708505547096,307,2.2445019404915914,4,0.6225799434413748,773
4621,42.691192382601166,244,43.36810214239342,204,2.230452674897119,6,0.6481281107985285,729
4603,43.70280252009559,218,41.72192048663915,259,2.243675099866844,7,0.6339343906148164,751
4637,43.23183092516713,242,41.937890877722666,254,2.255874673629243,4,0.6273452663359931,766
4649,41.81544418154442,221,43.26177672617767,231,2.2670967741935484,6,0.6220692622069263,775
4639,42.339943953438244,237,43.28411295537831,239,2.264,5,0.6339728389739168,750
4643,42.14753392203317,244,43.048890803359896,289,2.237221494102228,5,0.6323497738531122,763
4651,42.875295635347236,235,43.130939582885404,221,2.2357615894039733,5,0.6370672973554075,755
4679,43.23509296858303,267,42.589655909382344,213,2.237735849056604,5,0.6197905535370806,795
4657,43.206785484217306,222,42.39360103070646,256,2.2213642213642215,5,0.6293751342065708,777
4663,43.72356851812138,238,41.400171563371224,216,2.224159402241594,6,0.6169847737508042,803
4673,41.70554247806548,239,43.19944361224053,213,2.256637168141593,6,0.618018403595121,791
4703,42.72124176057835,221,43.62428237295343,278,2.2375478927203063,5,0.6274718264937275,783
4691,42.250266467704115,263,43.08804092943935,238,2.2146464646464645,6,0.6260925175868685,792
4721,42.798771446727386,227,43.189790298665535,240,2.2450248756218905,5,0.6176657487820377,804
4723,43.49925894558543,227,42.70506034300233,222,2.2400513478819,5,0.630531441880161,779
4729,43.104461831253964,256,43.3518714315923,271,2.194884287454324,5,0.6189469232395856,821
4733,42.86921614198183,293,43.422353686879354,262,2.23943661971831,5,0.6304669342911473,781
4751,42.684066512313194,227,43.60239949484319,331,2.2395061728395063,5,0.6181856451273416,810
4759,42.84324437907124,246,42.81151502416474,255,2.266832917705736,6,0.6179869720529523,802
4789,43.263938191689284,241,43.417623721027354,251,2.256050955414013,6,0.6301941950302777,785
4787,42.55107583037393,261,44.090035512847294,225,2.2681704260651627,6,0.6218926258617088,798
4783,42.587079238971356,249,44.1099728204056,250,2.2033678756476682,5,0.6443654610077357,772
4799,44.90143779954157,235,43.209001875390705,221,2.264126149802891,5,0.6409668680975203,761
4793,42.546839140413105,237,44.301898602128105,278,2.223337515683814,5,0.6302941790110578,797
4831,44.725315669633616,203,43.444421444835434,218,2.2363636363636363,6,0.6435520596149865,770
4813,43.00353210056098,230,43.299605235819655,238,2.22544080604534,6,0.6328693122792437,794
4801,42.83878358675276,281,43.417413038950215,222,2.234567901234568,5,0.6229952093313893,810
4817,42.86755241851775,249,43.89537056259083,224,2.2580645161290325,6,0.6367033423292505,775
4871,43.78361732703757,271,43.811537671935945,245,2.2404438964241677,5,0.6269759802915212,811
4861,43.649249125694304,231,43.37790578070356,221,2.217772215269086,5,0.6354659535075088,799
4889,43.94722847208018,228,43.30312947433013,231,2.253910950661853,6,0.616895070566578,831
4877,43.37441049825713,222,43.56674184949764,237,2.2788461538461537,6,0.6112364158294034,832
4937,44.96131253797853,278,43.804739720478025,213,2.2468827930174564,5,0.6350010127607859,802
4909,43.926665308616826,224,44.001018537380325,249,2.2487804878048783,6,0.6243634141372988,820
4933,44.18568822217718,263,42.841273058990474,242,2.262905162064826,5,0.6178795864585445,833
4903,43.02855394656333,234,43.840301856006526,253,2.247549019607843,6,0.6259433000203957,816
4931,45.06854593388765,246,42.834719123909956,231,2.2397094430992737,6,0.6248225512066518,826
4919,43.44582232161008,221,43.740597682455785,258,2.244200244200244,5,0.6263468184590364,819
4951,44.50131286608766,294,43.84689961623914,227,2.243142144638404,6,0.6366390628155928,802
4943,44.078697147481286,261,44.752781711511226,272,2.2342786683107274,6,0.6334209993930812,811
4967,43.94141332796457,241,43.74733239379908,272,2.2521315468940317,6,0.6277431044896316,821
4957,43.33548517248336,225,44.052249344361506,218,2.2585193889541717,6,0.6122654831551342,851
4969,44.164419400281744,234,43.43248138458442,209,2.2334123222748814,6,0.6206480177098007,844
4973,45.18620550975267,242,44.500904886386486,229,2.260869565217391,6,0.6235672632213956,828
4987,43.79486665329858,249,43.664728293563265,247,2.2670658682634732,6,0.6204130739923802,835
4993,44.27017824954937,237,44.223112357300224,236,2.2419928825622777,5,0.6214700580813138,843
5003,45.114131521087344,242,43.19948031181291,245,2.217889908256881,5,0.6134319408354987,872
4999,44.249449889977996,249,44.55531106221244,211,2.2109756097560975,5,0.6373274654930986,820
5011,44.38754739572939,230,44.17581321093594,259,2.2551390568319225,6,0.6278187986429854,827
5009,44.77520463166301,257,44.22319824316231,225,2.261761158021713,6,0.6256737871830704,829
5023,44.00856062114274,238,44.497113278916984,238,2.2331786542923435,6,0.6167628907027672,862
5021,44.25014937263494,247,44.87353116908982,242,2.246153846153846,5,0.6219876518621789,845
5051,44.46188873490398,269,44.20629578301327,227,2.238038277511962,6,0.62957830132647,836
5039,44.67493550307601,224,44.50228219884898,232,2.2374541003671973,6,0.6372296090494146,817
5059,44.06206760229294,228,45.18126111879818,223,2.245398773006135,5,0.6382684324965409,815
5087,45.505799095734226,233,44.113033221938274,220,2.2551390568319225,6,0.6333792018871633,827
5081,45.48888014170439,244,44.356229088762056,230,2.2387173396674585,5,0.6290100373942137,842
5099,44.70798195724652,251,45.32261227691704,249,2.2588235294117647,6,0.6234555795253971,850
5077,44.33385857790034,226,44.722867835335826,218,2.265133171912833,5,0.6314752806775655,826
5107,44.86684942236146,283,44.694732719796356,245,2.23915592028136,5,0.626003524574114,853
5119,44.34928697011135,226,44.35749169759719,223,2.23321554770318,6,0.6296151592107834,849
5113,45.19440641502054,244,43.61588108742421,304,2.233100233100233,6,0.6252689223547819,858
5101,44.573024897079,246,44.598902176043914,278,2.2268518518518516,5,0.6228190550872378,864
5153,44.605084416844555,252,45.718804579856396,244,2.232611174458381,5,0.6200271686396274,877
5147,44.99553137750146,230,45.17952205168059,291,2.2382671480144403,6,0.6386244414221877,831
5167,45.19876137023418,268,44.74588736210567,250,2.2124293785310734,6,0.6210567060189666,885
5171,45.25256236704699,277,44.357184297041194,246,2.2403189066059226,5,0.6196093598917037,878
5179,44.16257964858081,239,45.371693377099824,231,2.2552447552447554,5,0.6263757482139409,858
5189,45.07978415879746,255,45.32395451917518,226,2.216530849825378,6,0.6330699556754673,859
5209,45.27183720483778,263,44.68208869264734,243,2.2391799544419135,6,0.6225763102322903,878
5197,44.53800269386184,258,45.22108908985953,253,2.2468427095292767,6,0.6234365980373292,871
5233,45.6137970571374,272,45.552455570418495,249,2.2303306727480043,5,0.6262182304605389,877
5237,45.39144548405576,236,45.16402520527019,274,2.2194285714285713,6,0.6291770097383999,875
5231,45.12292104760084,275,45.558401835213154,257,2.2442396313364057,5,0.6276046645000956,868
5227,46.1693131815573,267,44.68490529940693,265,2.2324022346368717,6,0.617753969772336,895
5261,45.617373122980425,284,45.40657669644554,244,2.2237762237762237,6,0.6373313058353925,858
5273,45.89360895126114,267,44.67267210316708,246,2.230683090705487,6,0.622226436563626,893
5281,45.07195606892634,241,45.5427002461655,275,2.254484304932735,6,0.6192009089187653,892
5279,46.40367493843531,258,45.82515627959841,238,2.234498308906426,5,0.6245501041863989,887
5323,46.06124365959046,247,45.74807439413864,229,2.2304199772985243,6,0.6308472665789968,881
5297,46.18821974702662,231,44.82178591655654,256,2.2522522522522523,5,0.6224277893147064,888
5309,45.636089659069505,235,45.070069692974194,265,2.2298206278026904,6,0.6253531738557168,892
5303,45.915708089760514,236,45.54818027531586,294,2.21340782122905,5,0.6264378653592306,895
5351,46.16501588488133,237,46.79686039992525,286,2.2084726867335562,5,0.6297888245187815,897
5333,45.61353834614663,243,45.21357584849053,236,2.2562162162162163,5,0.60866304144009,925
5381,45.876045344731466,280,45.90875301988478,230,2.2633371169125995,6,0.6294369076379855,881
5347,45.90256218440247,263,46.120254348232656,250,2.250280583613917,5,0.625023377594913,891
5387,45.898087989604605,236,46.40077965472434,276,2.2367567567567566,5,0.6159272322257286,925
5393,46.60207676617838,248,46.212497682180604,209,2.257142857142857,5,0.6337845355089932,875
5407,46.255779545034216,240,46.57185130386536,243,2.203605514316013,5,0.6156833734048456,943
5399,46.34450824226709,254,45.982589368401555,269,2.2547486033519553,5,0.6262270790887201,895
5413,45.016257158692035,272,47.86236837243673,279,2.248587570621469,6,0.6323665250323296,885
5417,45.941295920251065,278,46.65977478309027,303,2.2356194690265485,5,0.6269152667528152,904
5441,46.663297188016905,251,46.29700422716412,241,2.225663716814159,6,0.6302150340011028,904
5437,46.493286739010486,282,45.9128195696156,279,2.256989247311828,5,0.6139415118631598,930
5431,46.8937580556067,265,46.59804824157614,283,2.2175360710321863,5,0.6321119499171424,901
5419,46.41945008304115,245,46.503967521682966,266,2.1915367483296215,5,0.6368333640893153,898
5443,46.44607753077347,236,45.42844019841999,252,2.228108108108108,5,0.6213485210361933,925
5449,45.68159295283538,234,46.399339328317126,277,2.247513812154696,6,0.6267204991741604,905
5471,46.37086455858161,284,46.12429171997807,235,2.2181818181818183,6,0.6209102540668981,935
5477,46.474347270403506,275,45.69947051305459,259,2.2646085997794927,5,0.6249771772868359,907
5483,45.99726427138428,269,46.422214116359655,269,2.2088142707240292,6,0.6160860842604413,953
5479,45.65559408651214,248,47.371965687169194,274,2.2368137782561894,5,0.6207337105311188,929
5501,46.30067260498091,238,47.07035084530085,257,2.228448275862069,5,0.6240683512088712,928
5503,46.87425040886789,322,45.68889696529166,242,2.252922422954304,5,0.6147555878611667,941
5507,46.21173052478664,234,46.60795351370982,265,2.2683741648106905,6,0.6301071363718903,898
5519,47.02808479797065,280,46.255118680920454,275,2.2457142857142856,7,0.6439572386301866,875
5527,46.699113443097524,269,46.746878957843315,242,2.2342917997870075,7,0.6204089017550208,939
5521,45.92211555877559,277,46.66799492845499,242,2.2729257641921397,6,0.6228944031878283,916
5563,47.33111630415244,256,46.29210857451016,251,2.250272034820457,5,0.6282581341003056,919
5531,46.37895498101609,278,46.22129813776894,259,2.2630434782608697,5,0.6235762068342072,920
5557,47.242037070361704,320,46.24095735108872,302,2.226980728051392,5,0.6256973186971387,934
5569,47.388938768181,261,46.44963189082421,238,2.23471615720524,6,0.6324295205602443,916
5581,46.89374664038703,271,46.31266798064863,233,2.257543103448276,5,0.624619243863107,928
5573,47.65745558944913,274,46.95549973084515,249,2.236323851203501,5,0.633231652610802,914
5591,46.71042747272402,242,46.6716150956895,272,2.2478070175438596,5,0.6333392952960114,912
5623,47.46025253423439,312,46.821447625822515,255,2.2521008403361344,6,0.6187088742664059,952
5639,47.04646213867707,285,47.65064727788615,275,2.2535211267605635,5,0.6311402730980671,923
5657,47.007247657769135,241,47.666961286901184,254,2.232683982683983,5,0.6353190737139827,924
5641,47.50132955149796,246,46.41747917035987,304,2.238145416227608,6,0.6234710157773444,949
5651,47.20244204565564,238,46.54202795965316,262,2.269018743109151,6,0.6358166696159971,907
5653,46.63736069343711,278,47.20007075888908,255,2.228630278063852,7,0.6171944100477622,971
5647,46.27147157782893,303,47.11705330263857,266,2.234326824254882,6,0.6150168230919072,973
5659,46.989927549036935,250,46.439653649054605,274,2.231568016614746,6,0.6202509277257466,963
5689,46.616628581473016,246,46.93619265248726,237,2.2422625400213447,5,0.6306908068201793,937
5683,47.03448882632412,222,46.55727608657399,248,2.219382321618743,5,0.633292275206757,939
5669,46.696066325630625,286,46.45193155759393,268,2.2730227518959913,5,0.6299170929617216,923
5693,48.39399262251888,294,48.093096785526086,263,2.2242105263157894,5,0.6288424380818549,950
5737,46.91267212829005,269,47.92591947010633,255,2.2478540772532187,5,0.6348265644064842,932
5701,47.72075074548325,301,47.92054025609542,272,2.2248394004282654,5,0.6355025434134363,934
5711,47.24163894239187,251,47.25337068814569,256,2.235294117647059,6,0.6273857468044125,952
5717,47.854993877907994,300,46.41647717334266,258,2.268186753528773,6,0.6345985656813014,921
5743,48.64878983109873,267,47.34946891868361,273,2.2370689655172415,5,0.6385164548145569,928
5749,47.347364759088535,261,47.22821360236563,283,2.2544731610337974,6,0.6054966081057576,1006
5779,47.84582107631078,279,47.82505623810348,333,2.2359192348565355,6,0.635923170098633,941
5741,47.808918306915174,259,47.574986936073856,254,2.2389006342494713,5,0.631074725657551,946
5791,48.48661716456571,314,47.345018131583494,284,2.2375397667020147,6,0.6356415126921084,943
5801,46.99603516635063,266,47.34511291156697,304,2.257199602780536,6,0.6081710049991381,1007
5783,47.92858378004496,317,47.09821891751686,253,2.2419700214132763,6,0.6379042019712952,934
5807,47.268124677113825,237,46.36989839848459,273,2.25025025025025,5,0.6128810056827966,999
5813,47.19748838809565,292,47.930500602098746,245,2.247433264887064,6,0.6234302425597799,974
5821,47.64439099811029,248,49.074901219721696,275,2.2233502538071064,6,0.6237759835079884,985
5839,48.436033567391675,222,47.62887480733002,253,2.2288659793814434,5,0.6297311183421819,970
5827,47.88518963446027,286,47.04170241977003,241,2.234359483614697,5,0.6138664836107774,1007
5843,47.65959267499572,284,48.16772206058531,292,2.2342158859470467,5,0.6245079582406298,982
5849,48.61360916395965,267,48.32432894511882,239,2.249743062692703,5,0.6257479911095913,973
5851,48.27926850111092,258,48.36386942403008,278,2.224742268041237,5,0.6311741582635447,970
5857,47.53798873143247,245,48.417449206078196,245,2.2364380757420674,6,0.6269421205395254,977
5869,48.0792298517635,250,47.33225421707276,240,2.2448347107438016,6,0.6297495314363606,968
5867,48.20743139594341,320,47.90744844042952,284,2.2361546499477534,5,0.6352479972728822,957
5897,47.53094793963032,267,48.520264541292185,301,2.237762237762238,6,0.6201458368662032,1001
5879,48.33390032318422,248,48.66439870726314,259,2.2251521298174444,6,0.6268072801496853,986
5861,47.754990615935846,255,48.057328101006654,247,2.240532241555783,5,0.6265142467155775,977
5881,48.83506206427478,272,48.621833021594966,290,2.2248459958932236,5,0.6315252508076857,974
5939,48.74558006398384,272,46.95773699275972,288,2.2426614481409004,6,0.6140764438457653,1022
5903,47.92901914280874,262,48.3528714213112,262,2.217299578059072,5,0.6439098763340674,948
5923,48.5233834205639,267,48.91693398615566,269,2.2502606882168927,5,0.6356576059429343,959
5927,47.93031887970305,256,48.971655137506325,267,2.2567432567432566,6,0.618862831111861,1001
5981,48.61795686340077,263,48.8939976592543,265,2.2409513960703205,6,0.6376860056846682,967
5953,49.572316479086176,291,47.85704686712582,269,2.2357217030114227,4,0.6383336133042163,963
6007,48.99433993674047,279,48.80839021142001,262,2.2398753894080996,6,0.6409189279174297,963
5987,48.31367963921831,260,48.227826958409885,277,2.2509881422924902,6,0.6195089360280608,1012
6011,48.22458825486608,258,48.93129263017801,244,2.224752475247525,6,0.6261853269006821,1010
6029,48.372532758334714,276,48.79930336705922,262,2.2428711897738447,5,0.6216619671587328,1017
6037,49.55491137982442,261,49.40268345204572,248,2.2397119341563787,6,0.6393904257081332,972
6043,49.20900215124938,279,47.70412046996525,305,2.231071779744346,6,0.6245242429256992,1017
6047,48.7163882917149,305,48.13477757565735,259,2.2644710578842315,7,0.6247726145195965,1002
6053,48.61077151825541,273,48.71832149347431,259,2.2472137791286726,5,0.6335701305137948,987
6067,48.67150156584803,287,49.2689962089995,259,2.2708333333333335,5,0.6227130377451788,1008
6073,48.967232010538446,312,48.437180964926725,260,2.2423312883435584,5,0.6388934628684341,978
6091,49.01904449187325,316,48.55836480052537,265,2.2362052274927398,5,0.6207519290756854,1033
6089,49.52898669732304,294,48.922318935785846,264,2.217125382262997,5,0.6427984890786664,981
6101,48.417472545484344,281,49.32453696115391,266,2.244937319189971,5,0.6184232093099492,1037
6079,49.181115315018914,281,48.9309096890936,287,2.2412731006160165,6,0.6408948840269781,974
6121,49.06338833523934,270,48.684365299787615,292,2.2679425837320575,5,0.6128083646462996,1045
6113,48.30361524619663,271,49.644364469164074,280,2.2254335260115607,5,0.6221168002617373,1038
6133,48.95597586825371,296,49.509212457198764,264,2.24507874015748,6,0.6280776129137453,1016
6131,49.05333550807372,316,49.13831348882727,291,2.2294757665677545,5,0.6323601370086446,1011
6151,49.64851243700211,250,49.286294911396524,263,2.2521572387344198,5,0.6181108762802796,1043
6143,48.928699332573665,261,49.226436594497805,249,2.2485148514851487,5,0.6303109230017907,1010
6163,49.70111958461788,290,48.96414084049976,292,2.239961759082218,6,0.619828005841311,1046
6199,49.385384739474105,259,48.636876915631554,279,2.254368932038835,6,0.6254234553960316,1030
6173,49.04438684594201,253,48.13040660942816,234,2.2362745098039216,6,0.6304876073222097,1020
6197,49.51444247216395,267,49.490237211553975,260,2.2578796561604584,6,0.6185250927868323,1047
6217,49.86054367058067,277,49.4331671224063,275,2.231357552581262,5,0.6245777706289207,1046
6203,48.82685797194906,275,49.48121876511365,243,2.235965746907707,5,0.6211510559406739,1051
6211,49.939140235066816,259,49.60215746256642,260,2.2340019102196753,5,0.6234100788922878,1047
6221,49.58238225365697,258,49.727375020093234,294,2.261418853255588,6,0.6259443819321653,1029
6247,49.35537057787738,289,50.43060669121178,294,2.214018691588785,5,0.6207779734272451,1070
6229,49.55771391876706,255,50.38272595922299,298,2.236166007905138,5,0.6366993096805266,1012
6257,49.2124021096372,253,50.65095093495285,275,2.2300724637681157,6,0.6065206968195621,1104
6263,50.14114641545585,279,49.926552770237905,246,2.2343900096061478,6,0.6286124860290595,1041
6269,49.09905886106237,265,49.32780347742862,277,2.210237659963437,5,0.614292550646036,1094
6271,49.5879445064583,289,49.67022803380641,270,2.215500945179584,5,0.6262159145271886,1058
6277,49.41150231002071,267,48.30014338059583,274,2.251649387370405,6,0.6194041739684563,1061
6287,49.496103069826624,264,49.66868140607603,288,2.2,6,0.6325751550819151,1050
6301,50.02571020472941,339,49.682590065069036,315,2.24157844080847,5,0.6303761307728932,1039
6299,49.96872519447531,289,49.390855691379585,289,2.2432692307692306,5,0.6296237498015558,1040
6311,49.53287909998416,308,49.60038028838536,265,2.2386363636363638,6,0.6254159404214863,1056
6323,50.17697295587538,265,49.97374663925352,275,2.25199203187251,5,0.642416574410881,1004
6329,50.474008532153576,262,50.425975667562014,284,2.229951690821256,5,0.6353294359298467,1035
6317,49.33196137406997,294,48.78027544720595,250,2.2652296157450795,6,0.6173816685135349,1067
6337,50.456209562884645,272,49.355373204986584,274,2.220131702728128,5,0.6275840302982484,1063
6353,50.01337950574532,277,50.019833149693056,268,2.2457627118644066,5,0.6245868093813947,1062
6343,50.24467917389248,300,50.44474223553524,272,2.217557251908397,5,0.633611855588838,1048
6359,50.520522094668976,260,49.900298789117784,271,2.2311276794035413,6,0.6235257115898726,1073
6361,49.7025624901745,257,49.68809935544726,262,2.239151398264224,6,0.6349630561232511,1037
6367,49.46489712580493,276,49.261347573425475,294,2.264949402023919,5,0.6133186744149521,1087
6373,50.066530676290604,264,49.637062607876985,277,2.2457627118644066,6,0.6257649458653696,1062
6379,49.82442389089199,265,51.09170716413231,280,2.2413461538461537,6,0.6345822229189528,1040
6389,50.24338707152919,270,50.715761465018,261,2.2372718539865515,6,0.6354672092659258,1041
6397,49.90855088322651,276,50.60184461466312,294,2.2149532710280373,5,0.6295138346099735,1070
6427,49.20522794460868,297,49.904932316788546,291,2.2541284403669724,6,0.6177065504901198,1090
6449,50.6742130562878,259,50.74554194448752,261,2.2434210526315788,6,0.6298650953636222,1064
6451,49.87707332196559,314,49.59494651991939,333,2.245945945945946,5,0.6135482870872733,1110
6421,50.203862326740385,331,50.462233296994235,257,2.2175925925925926,7,0.6270051393863885,1080
6473,50.58041093774139,273,50.74818476749575,338,2.2129798903107862,5,0.6259848601884752,1094
6469,50.447518936466224,283,50.73597155665482,290,2.2207421503330163,5,0.6392023496676457,1051
6481,50.214164480790004,250,50.11942601450394,285,2.261111111111111,6,0.6232062953247955,1080
6521,50.42677503450391,275,50.358380616469866,292,2.237364620938628,6,0.6198435822726576,1108
6529,51.36544646959718,287,50.87946086690152,283,2.2461677186654643,5,0.6184714351355491,1109
6491,50.27376367277769,276,49.64319827453397,263,2.2555066079295156,6,0.6056077645971345,1135
6553,50.81199450633298,274,50.923699069128645,264,2.221495327102804,6,0.6372653746375706,1070
6551,50.99206228056785,280,50.56983666615784,293,2.25444340505145,6,0.6321172340100748,1069
6563,50.31372847783026,349,50.302757885113515,264,2.2399635036496353,6,0.6259332622276398,1096
6547,49.712234611272336,327,50.42431648083092,283,2.251566696508505,5,0.6158545898884985,1117
6581,49.94879197690321,293,50.786658562528494,277,2.2325375773651635,5,0.6163197082510257,1131
6577,50.629770412041964,283,50.827733008970654,309,2.232789855072464,6,0.6252090618823172,1104
6571,51.40130878100746,300,50.76670217622888,285,2.2417279411764706,5,0.6288236189316695,1088
6569,50.93819455015984,273,50.38514233521084,343,2.222429906542056,5,0.6379966509362156,1070
6599,50.84618881648735,299,51.315805425064404,279,2.2190909090909092,6,0.6300954690104561,1100
6607,51.68760405630392,304,50.36582412592705,292,2.2591206735266605,6,0.6344785833207205,1069
6619,52.13325275721408,266,51.82701314397945,267,2.2116104868913857,6,0.6431485118597976,1068
6653,51.35923643469112,277,50.81947993386442,263,2.214482126489459,5,0.6368555538854652,1091
6637,50.42760283260509,293,51.21907488323038,292,2.2611872146118723,7,0.6269398824770227,1095
6659,51.6236672172999,306,51.0663763327827,231,2.244302643573382,5,0.6302748160384443,1097
6689,51.217072806099566,290,51.3504260726566,311,2.234375,6,0.6151891164598595,1152
6679,50.821679892199434,295,50.766282377601435,270,2.2383985441310283,7,0.6316813894295553,1099
6673,51.256256556271545,253,51.19391578000899,338,2.2295825771324864,5,0.6317997901993107,1102
6701,51.0844650052231,266,50.92732427995821,271,2.2601769911504426,6,0.618862856290106,1130
6661,51.10614021918631,296,51.62062753340339,279,2.2431476569407605,8,0.619126257318721,1131
6691,51.3486773277537,323,51.32850097145419,266,2.2355595667870034,7,0.629801225526827,1108
6733,51.62869448982623,274,50.320956482994205,269,2.243171806167401,7,0.6218624684390316,1135
6719,51.54397975889269,320,51.32817383539217,312,2.2334525939177103,6,0.628367316564965,1118
6709,51.49679534953048,267,50.03502757489939,283,2.2190721649484537,6,0.6149947831271426,1164
6703,51.095479635983885,268,51.32731612710727,281,2.2414104882459314,7,0.6301655974936595,1106
6761,51.77754770004437,277,50.801064931223195,289,2.2355595667870034,6,0.6336340777991422,1108
6737,52.189550244916134,298,51.08134184355054,310,2.2059336823734728,6,0.6247587947157488,1146
6779,51.47706151349757,292,51.74302994541968,281,2.230096237970254,6,0.6239858386192654,1143
6781,52.266037457602124,313,51.844713169149095,245,2.263765541740675,5,0.6240967408936735,1126
6763,52.19089161614668,302,50.5147124057371,308,2.2458587619877943,8,0.6191039479520922,1147
6791,52.17861876012369,271,51.46679428655573,288,2.240358744394619,6,0.6321602120453541,1115
6827,52.33499340852497,316,51.86026072945657,326,2.2534184138559707,5,0.6379083052585323,1097
6793,51.37435595465921,296,51.196231414691596,276,2.2283185840707964,8,0.6293243044310319,1130
6803,52.070263119212115,264,51.470674702337206,250,2.225022502250225,6,0.6366308981331765,1111
6823,52.430455811226736,313,52.17675509306756,293,2.2564559216384685,7,0.6286091162245346,1123
6833,52.40172691350798,290,51.24469486316406,295,2.2394995531724753,6,0.6332504024586565,1119
6829,52.317908917850346,321,51.225801727925024,313,2.2542222222222223,6,0.6286425538146141,1125
6841,51.55167373191054,263,52.53193977488671,364,2.219427580225499,5,0.625931881303903,1153
6857,52.884351757328275,268,51.87005979291235,282,2.237632508833922,7,0.6305964707598075,1132
6883,51.91675141653349,276,52.18625599302629,288,2.2366273798730734,5,0.6415807060874619,1103
6871,51.46732644447679,284,51.935089506622035,320,2.2473776223776225,5,0.6258186581283656,1144
6869,51.80215460765759,275,52.28621342262338,348,2.217948717948718,6,0.6222157519289562,1170
6863,52.12137549176745,255,52.11481859245228,262,2.237885462555066,5,0.6298994608771674,1135
6917,51.91629319068961,273,51.67052190255891,281,2.2459016393442623,6,0.623680786468122,1159
6899,52.036816929989854,305,52.11233512103203,293,2.2315140845070425,6,0.6325554428177996,1136
6907,52.58708556536847,289,53.05009410742725,338,2.2215357458075906,5,0.6355870855653685,1133
6911,53.0529590507886,323,51.34568079872667,377,2.2417677642980935,6,0.6256692229778614,1154
6947,52.3199942421189,266,52.39930905426803,297,2.226831421006178,5,0.6368216496329351,1133
6949,51.594474025039574,285,52.03698373866744,292,2.247892074198988,5,0.6163476759245935,1186
6961,51.27079442608821,279,51.874012354546764,267,2.231404958677686,6,0.612124694727769,1210
6959,51.9978445178905,284,51.94999281505964,288,2.2456597222222223,6,0.6282511855151602,1152
6977,52.42697434427404,305,51.62849362190053,305,2.2611353711790394,5,0.6289236061344418,1145
6971,51.35088222636637,313,53.47496772342562,298,2.2287145242070117,5,0.6169846506957395,1198
6967,52.40060284196928,282,52.388115401176975,279,2.2455845248107655,5,0.6167647480981772,1189
6983,52.15852785335816,320,52.70442503222111,298,2.2244897959183674,6,0.6409852498925963,1127
6997,53.2551093325711,286,52.458625125053594,304,2.255184851217313,6,0.6425610976132629,1109
6991,52.53325704477185,318,52.206980403375766,324,2.254816112084063,6,0.6316692890859676,1142
7019,52.72360735147457,249,52.04772759652372,306,2.2393887945670627,6,0.6241629861803676,1178
7013,51.70340795665193,286,52.56566376728932,314,2.245155855096883,5,0.6199914444602881,1187
7001,52.08670189972861,293,52.637908870161404,370,2.2242677824267783,6,0.6203399514355092,1195
7027,53.077415682368006,341,52.567667567952185,295,2.248912097476066,5,0.6322755087519567,1149
7057,52.26512682442964,308,52.17287799348165,286,2.24748322147651,7,0.6203769307070993,1192
7069,52.821049653416324,291,52.56896307822889,297,2.2370617696160267,6,0.6208798981468383,1198
7043,52.33778219508732,278,52.9451938094562,328,2.234348561759729,6,0.6250177481186994,1182
7039,51.84244921153573,269,52.416110242932234,334,2.2293046357615895,6,0.6174172467680068,1208
7109,52.520748347165565,290,53.43634829089886,290,2.259729272419628,6,0.6242790828527219,1182
7079,52.97881056646419,303,52.65983896030513,284,2.257167680278019,6,0.6329990111597683,1151
7103,53.058285231592286,285,52.6911164296776,287,2.2363931762794476,6,0.6124172884696607,1231
7129,52.799831673446484,264,53.22864356852293,338,2.231418918918919,5,0.6294010380137467,1184
7151,53.46161376031324,304,52.661585792196895,281,2.250622406639004,5,0.6207523423297441,1205
7127,52.83064402974603,326,53.61624807071699,281,2.247927031509121,6,0.6196155465132595,1206
7121,53.512568459486026,306,53.381687965173434,306,2.2377326565143822,5,0.6285634040162899,1182
7177,51.99163996098648,316,54.00445868747388,285,2.2423728813559323,6,0.631322279503971,1180
7187,52.223598163350495,264,53.46764992347294,323,2.224774405250205,6,0.6226520105746487,1219
7159,52.848442519905014,276,52.277971783768685,271,2.2588623248145097,6,0.6172649811426176,1213
7193,52.185319060197415,285,53.671069094953424,323,2.245860927152318,7,0.6228277492006117,1208
7211,53.635279434197756,303,53.40812647344335,368,2.2224066390041495,6,0.6286229371793094,1205
7207,53.44664909116137,278,53.398362702927706,293,2.2277960526315788,5,0.6241154433189954,1216
7219,53.15860922565452,300,53.40047097936002,276,2.2491803278688525,6,0.6198919517938772,1220
7213,53.21904893941495,324,53.133231665049216,307,2.27234753550543,5,0.6229030916400943,1197
7237,53.60729584081802,293,53.227995025563075,308,2.257191201353638,5,0.6313389526046704,1182
7229,52.67090883939687,299,53.588463134596765,283,2.2431307243963365,5,0.6273343477659428,1201
7283,53.1713579568859,306,53.526568721680626,266,2.2483660130718954,5,0.6221337360977619,1224
7243,53.358691150075934,345,52.96755488057435,308,2.2391653290529696,6,0.6148004970316168,1246
7253,52.53233144905556,299,53.85661105749345,331,2.2293046357615895,6,0.6287053632979457,1208
7247,53.26811094245895,279,53.69973782254726,335,2.237163814180929,5,0.6212225748585621,1227
7307,53.43793622553716,286,53.715478308471326,308,2.2555831265508686,5,0.6267962228000548,1209
7297,53.95916129916404,342,52.69069480608469,297,2.2666666666666666,5,0.6225846238180074,1215
7351,53.054550401305946,275,54.02924772139845,328,2.2356792144026185,5,0.6283498843694736,1222
7321,53.358011200655646,287,54.02663570550471,292,2.248371335504886,5,0.622865728725584,1228
7333,53.953497886267556,281,53.82981044592936,314,2.2491666666666665,6,0.6319378153552434,1200
7309,53.6736899712683,311,53.74675058147489,285,2.25,6,0.6355178546996854,1184
7331,53.254808348110764,312,53.8800982130678,308,2.2367986798679866,5,0.6302005183467467,1212
7349,52.8436521975779,272,54.2524152945979,320,2.243373493975904,5,0.6199482922846645,1245
7393,53.071148383606115,349,53.71486541322873,323,2.250201126307321,6,0.6216691464899229,1243
7369,53.17437915592346,313,52.91789930791152,317,2.22972972972973,6,0.6193513